Workbook

Sheet Dataset_Cuentas_Medicas
A1: ID_Factura | B1: EPS_Aseguradora | C1: Regimen | D1: Servicio_Origen | E1: Cod_CIE10 | F1: Cod_CUPS | G1: Valor_Facturado_COP | H1: Tipo_Objecion | I1: Concepto_Objetado | J1: Valor_Glosado_COP | K1: Porcentaje_Glosado | L1: Probabilidad_Glosa_IA | M1: Perdida_Esperada_COP | N1: Resultado_Sustentacion_IA | O1: Valor_Recuperado_COP | P1: Perdida_Definitiva_COP | Q1: Accion_Sugerida_IA
A2: FAC-2026-001 | B2: EPS Sanitas | C2: Contributivo | D2: Cirugía General | E2: K802 | F2: 512201 | G2: 4850000 | H2: Sin Glosa | I2: Ninguno | J2: 0 | K2: 0 | L2: 0.08 | M2: 0 | N2: Radicada sin Objeción | O2: 0 | P2: 0 | Q2: Radicar automáticamente
A3: FAC-2026-002 | B3: Nueva EPS | C3: Subsidiado | D3: Urgencias / UCI | E3: I210 | F3: 360601 | G3: 18500000 | H3: Parcial | I3: Tarifa stent medicado no pactada en anexo SOAT | J3: 4200000 | K3: 0.22702703 | L3: 0.78 | M3: 3276000 | N3: Levantada Parcial (75%) | O3: 3150000 | P3: 1050000 | Q3: Revisar factura vs. anexo SOAT+35%
A4: FAC-2026-003 | B4: Sura EPS | C4: Contributivo | D4: Ortopedia | E4: S822 | F4: 793501 | G4: 7200000 | H4: Total (Devolución) | I4: Falta autorización previa de EPS para material | J4: 7200000 | K4: 1 | L4: 0.92 | M4: 6624000 | N4: Levantada 100% | O4: 7200000 | P4: 0 | Q4: Detener radicación: solicitar autorización extemporánea
A5: FAC-2026-004 | B5: Salud Total | C5: Contributivo | D5: Medicina Interna | E5: E119 | F5: 890201 | G5: 145000 | H5: Sin Glosa | I5: Ninguno | J5: 0 | K5: 0 | L5: 0.04 | M5: 0 | N5: Radicada sin Objeción | O5: 0 | P5: 0 | Q5: Radicar automáticamente
A6: FAC-2026-005 | B6: Famisanar | C6: Subsidiado | D6: Ginecobstetricia | E6: O800 | F6: 735901 | G6: 2100000 | H6: Sin Glosa | I6: Ninguno | J6: 0 | K6: 0 | L6: 0.12 | M6: 0 | N6: Radicada sin Objeción | O6: 0 | P6: 0 | Q6: Radicar automáticamente
A7: FAC-2026-006 | B7: Nueva EPS | C7: Subsidiado | D7: Neurología / UCI | E7: I639 | F7: 895100 | G7: 9400000 | H7: Parcial | I7: 3 días estancia UCI no justificados en evolución | J7: 3900000 | K7: 0.41489362 | L7: 0.84 | M7: 3276000 | N7: Levantada 100% | O7: 3900000 | P7: 0 | Q7: Auditor médico debe sustentar con escala Glasgow
A8: FAC-2026-007 | B8: EPS Sanitas | C8: Contributivo | D8: Oncología | E8: C509 | F8: 992501 | G8: 5600000 | H8: Sin Glosa | I8: Ninguno | J8: 0 | K8: 0 | L8: 0.15 | M8: 0 | N8: Radicada sin Objeción | O8: 0 | P8: 0 | Q8: Radicar automáticamente
A9: FAC-2026-008 | B9: Compensar | C9: Contributivo | D9: Cirugía Plástica | E9: T232 | F9: 866101 | G9: 3800000 | H9: Parcial | I9: Derechos de sala liquidados con UVR mayor | J9: 850000 | K9: 0.22368421 | L9: 0.65 | M9: 552500 | N9: Aceptada IPS (Grave) | O9: 0 | P9: 850000 | Q9: Ajustar derechos de sala según tabla UVR
A10: FAC-2026-009 | B10: Nueva EPS | C10: Contributivo | D10: Cardiología | E10: I500 | F10: 881232 | G10: 420000 | H10: Total (Devolución) | I10: Volante de autorización vencido por 2 días | J10: 420000 | K10: 1 | L10: 0.88 | M10: 369600 | N10: Levantada 100% | O10: 420000 | P10: 0 | Q10: Tramitar prórroga con soporte de cita
A11: FAC-2026-010 | B11: Sura EPS | C11: Contributivo | D11: Urgencias | E11: R104 | F11: 890701 | G11: 120000 | H11: Sin Glosa | I11: Ninguno | J11: 0 | K11: 0 | L11: 0.05 | M11: 0 | N11: Radicada sin Objeción | O11: 0 | P11: 0 | Q11: Radicar automáticamente
A12: FAC-2026-011 | B12: Salud Total | C12: Contributivo | D12: Pediatría | E12: J189 | F12: 939400 | G12: 850000 | H12: Sin Glosa | I12: Ninguno | J12: 0 | K12: 0 | L12: 0.1 | M12: 0 | N12: Radicada sin Objeción | O12: 0 | P12: 0 | Q12: Radicar automáticamente
A13: FAC-2026-012 | B13: Famisanar | C13: Subsidiado | D13: Traumatología | E13: S060 | F13: 879111 | G13: 680000 | H13: Total (Servicio único) | I13: TAC cráneo objetado por falta escala Glasgow | J13: 680000 | K13: 1 | L13: 0.72 | M13: 489600 | N13: Levantada 100% | O13: 680000 | P13: 0 | Q13: Citar nota de pérdida transitoria de conciencia
... A31: FAC-2026-030 | B31: Salud Total | C31: Contributivo | D31: Urgencias | E31: S623 | F31: 790401 | G31: 480000 | H31: Sin Glosa | I31: Ninguno | J31: 0 | K31: 0 | L31: 0.07 | M31: 0 | N31: Radicada sin Objeción | O31: 0 | P31: 0 | Q31: Radicar automáticamente

Sheet Dashboard_Analitica
A1: ANÁLISIS FINANCIERO Y ACTUARIAL DE GLOSAS (MUNDO SALUD MÉDICA - CLÍNICA METROPOLITANA)
A3: 1. Total Facturación Auditada en la Muestra: | B3: =SUM(Dataset_Cuentas_Medicas!G2:G31) | C3: COP | D3: Monto total de las 30 cuentas radicadas
A4: 2. Facturación Expuesta (Cuentas con alguna objeción): | B4: =SUMIF(Dataset_Cuentas_Medicas!H2:H31, "<>Sin Glosa", Dataset_Cuentas_Medicas!G2:G31) | C4: COP | D4: Valor de facturas con alerta, sin ponderar severidad
A5: 3. MONTO EFECTIVAMENTE GLOSADO POR LAS EPS: | B5: =SUM(Dataset_Cuentas_Medicas!J2:J31) | C5: COP | D5: Importe real objetado por las aseguradoras
A6: 4. Tasa de Glosa Efectiva sobre Facturación (%): | B6: =B5/B3 | C6: % | D6: Severidad real de glosa del periodo
A7: 5. Provisión Contable / Pérdida Esperada con IA: | B7: =SUM(Dataset_Cuentas_Medicas!M2:M31) | C7: COP | D7: Expected Loss = Monto Glosado × Probabilidad IA
A8: 6. Monto Recuperado mediante Sustentación IA: | B8: =SUM(Dataset_Cuentas_Medicas!O2:O31) | C8: COP | D8: Valor levantado tras objeción fundamentada
A9: 7. TASA DE RECUPERACIÓN EFECTIVA (Recovery Rate): | B9: =B8/B5 | C9: % | D9: Porcentaje rescatado de las glosas recibidas
A10: 8. Pérdida Neta Definitiva para la IPS: | B10: =SUM(Dataset_Cuentas_Medicas!P2:P31) | C10: COP | D10: Glosas aceptadas por error de la IPS
A11: 9. Tasa Final de Pérdida sobre Facturación: | B11: =B10/B3 | C11: % | D11: Meta alcanzada: < 5.0% de deterioro de cartera
A14: COMPARATIVA POR EPS: FACTURACIÓN EXPUESTA VS. MONTO EFECTIVAMENTE GLOSADO
A15: EPS Aseguradora | B15: Facturas | C15: Facturación Total | D15: Facturación Expuesta | E15: Monto Realmente Glosado | F15: Severidad Real % | G15: Monto Recuperado IA
A16: Nueva EPS | B16: =COUNTIF(Dataset_Cuentas_Medicas!$B$2:$B$31, "Nueva EPS") | C16: =SUMIF(Dataset_Cuentas_Medicas!$B$2:$B$31, "Nueva EPS", Dataset_Cuentas_Medicas!$G$2:$G$31) | D16: =SUMIFS(Dataset_Cuentas_Medicas!$G$2:$G$31, Dataset_Cuentas_Medicas!$B$2:$B$31, "Nueva EPS", Dataset_Cuentas_Medicas!$H$2:$H$31, "<>Sin Glosa") | E16: =SUMIF(Dataset_Cuentas_Medicas!$B$2:$B$31, "Nueva EPS", Dataset_Cuentas_Medicas!$J$2:$J$31) | F16: =IF(C16>0, E16/C16, 0) | G16: =SUMIF(Dataset_Cuentas_Medicas!$B$2:$B$31, "Nueva EPS", Dataset_Cuentas_Medicas!$O$2:$O$31)
A17: Sura EPS | B17: =COUNTIF(Dataset_Cuentas_Medicas!$B$2:$B$31, "Sura EPS") | C17: =SUMIF(Dataset_Cuentas_Medicas!$B$2:$B$31, "Sura EPS", Dataset_Cuentas_Medicas!$G$2:$G$31) | D17: =SUMIFS(Dataset_Cuentas_Medicas!$G$2:$G$31, Dataset_Cuentas_Medicas!$B$2:$B$31, "Sura EPS", Dataset_Cuentas_Medicas!$H$2:$H$31, "<>Sin Glosa") | E17: =SUMIF(Dataset_Cuentas_Medicas!$B$2:$B$31, "Sura EPS", Dataset_Cuentas_Medicas!$J$2:$J$31) | F17: =IF(C17>0, E17/C17, 0) | G17: =SUMIF(Dataset_Cuentas_Medicas!$B$2:$B$31, "Sura EPS", Dataset_Cuentas_Medicas!$O$2:$O$31)
A18: EPS Sanitas | B18: =COUNTIF(Dataset_Cuentas_Medicas!$B$2:$B$31, "EPS Sanitas") | C18: =SUMIF(Dataset_Cuentas_Medicas!$B$2:$B$31, "EPS Sanitas", Dataset_Cuentas_Medicas!$G$2:$G$31) | D18: =SUMIFS(Dataset_Cuentas_Medicas!$G$2:$G$31, Dataset_Cuentas_Medicas!$B$2:$B$31, "EPS Sanitas", Dataset_Cuentas_Medicas!$H$2:$H$31, "<>Sin Glosa") | E18: =SUMIF(Dataset_Cuentas_Medicas!$B$2:$B$31, "EPS Sanitas", Dataset_Cuentas_Medicas!$J$2:$J$31) | F18: =IF(C18>0, E18/C18, 0) | G18: =SUMIF(Dataset_Cuentas_Medicas!$B$2:$B$31, "EPS Sanitas", Dataset_Cuentas_Medicas!$O$2:$O$31)
A19: Famisanar | B19: =COUNTIF(Dataset_Cuentas_Medicas!$B$2:$B$31, "Famisanar") | C19: =SUMIF(Dataset_Cuentas_Medicas!$B$2:$B$31, "Famisanar", Dataset_Cuentas_Medicas!$G$2:$G$31) | D19: =SUMIFS(Dataset_Cuentas_Medicas!$G$2:$G$31, Dataset_Cuentas_Medicas!$B$2:$B$31, "Famisanar", Dataset_Cuentas_Medicas!$H$2:$H$31, "<>Sin Glosa") | E19: =SUMIF(Dataset_Cuentas_Medicas!$B$2:$B$31, "Famisanar", Dataset_Cuentas_Medicas!$J$2:$J$31) | F19: =IF(C19>0, E19/C19, 0) | G19: =SUMIF(Dataset_Cuentas_Medicas!$B$2:$B$31, "Famisanar", Dataset_Cuentas_Medicas!$O$2:$O$31)
A20: Compensar | B20: =COUNTIF(Dataset_Cuentas_Medicas!$B$2:$B$31, "Compensar") | C20: =SUMIF(Dataset_Cuentas_Medicas!$B$2:$B$31, "Compensar", Dataset_Cuentas_Medicas!$G$2:$G$31) | D20: =SUMIFS(Dataset_Cuentas_Medicas!$G$2:$G$31, Dataset_Cuentas_Medicas!$B$2:$B$31, "Compensar", Dataset_Cuentas_Medicas!$H$2:$H$31, "<>Sin Glosa") | E20: =SUMIF(Dataset_Cuentas_Medicas!$B$2:$B$31, "Compensar", Dataset_Cuentas_Medicas!$J$2:$J$31) | F20: =IF(C20>0, E20/C20, 0) | G20: =SUMIF(Dataset_Cuentas_Medicas!$B$2:$B$31, "Compensar", Dataset_Cuentas_Medicas!$O$2:$O$31)
A21: Salud Total | B21: =COUNTIF(Dataset_Cuentas_Medicas!$B$2:$B$31, "Salud Total") | C21: =SUMIF(Dataset_Cuentas_Medicas!$B$2:$B$31, "Salud Total", Dataset_Cuentas_Medicas!$G$2:$G$31) | D21: =SUMIFS(Dataset_Cuentas_Medicas!$G$2:$G$31, Dataset_Cuentas_Medicas!$B$2:$B$31, "Salud Total", Dataset_Cuentas_Medicas!$H$2:$H$31, "<>Sin Glosa") | E21: =SUMIF(Dataset_Cuentas_Medicas!$B$2:$B$31, "Salud Total", Dataset_Cuentas_Medicas!$J$2:$J$31) | F21: =IF(C21>0, E21/C21, 0) | G21: =SUMIF(Dataset_Cuentas_Medicas!$B$2:$B$31, "Salud Total", Dataset_Cuentas_Medicas!$O$2:$O$31)
